Id,Name,Birthday,Address,Time,Actions,
18,mr. vke,23/12/2037,Street IFH 91,21:37:00,Edit,Delete
28,mr. paj,23/12/2037,Street TWX 2,06:05:45,Edit,Delete
37,mr. zpf,23/12/2037,Street LAE 1,01:04:13,Edit,Delete
59,mr. xse,23/12/2037,Street WOZ 15,06:14:59,Edit,Delete
91,mr. ptc,23/12/2037,Street YKE 20,01:24:44,Edit,Delete
110,mr. kpp,23/12/2037,Street SXU 51,19:28:02,Edit,Delete
115,mr. klq,23/12/2037,Street. DNH 4,14:01:11,Edit,Delete
117,mr. qhf,23/12/2037,Street NLZ 79,22:36:17,Edit,Delete
119,mr. oes,23/12/2037,Street KUZ 62,02:44:50,Edit,Delete
135,mr. tkt,23/12/2037,Street XRE 47,06:43:53,Edit,Delete
,,,,,,
